{
  "owner": "BlueSkyDefender",
  "name": "AstrayFX",
  "branch": "master",
  "always_install": false,
  "reset": 1691873060,
  "shaders": [
    {
      "path": "Shaders/BloomingHDR.fx",
      "url": "https://raw.githubusercontent.com/BlueSkyDefender/AstrayFX/master/Shaders/BloomingHDR.fx"
    },
    {
      "path": "Shaders/Clarity.fx",
      "url": "https://raw.githubusercontent.com/BlueSkyDefender/AstrayFX/master/Shaders/Clarity.fx"
    },
    {
      "path": "Shaders/DLAA_Plus.fx",
      "url": "https://raw.githubusercontent.com/BlueSkyDefender/AstrayFX/master/Shaders/DLAA_Plus.fx"
    },
    {
      "path": "Shaders/Depth_Cues.fx",
      "url": "https://raw.githubusercontent.com/BlueSkyDefender/AstrayFX/master/Shaders/Depth_Cues.fx"
    },
    {
      "path": "Shaders/Flair.fx",
      "url": "https://raw.githubusercontent.com/BlueSkyDefender/AstrayFX/master/Shaders/Flair.fx"
    },
    {
      "path": "Shaders/GloomAO.fx",
      "url": "https://raw.githubusercontent.com/BlueSkyDefender/AstrayFX/master/Shaders/GloomAO.fx"
    },
    {
      "path": "Shaders/NFAA.fx",
      "url": "https://raw.githubusercontent.com/BlueSkyDefender/AstrayFX/master/Shaders/NFAA.fx"
    },
    {
      "path": "Shaders/OneShot/Limbo_Mod.fx",
      "url": "https://raw.githubusercontent.com/BlueSkyDefender/AstrayFX/master/Shaders/OneShot/Limbo_Mod.fx"
    },
    {
      "path": "Shaders/OneShot/SnowScape.fx",
      "url": "https://raw.githubusercontent.com/BlueSkyDefender/AstrayFX/master/Shaders/OneShot/SnowScape.fx"
    },
    {
      "path": "Shaders/Overwatch.fxh",
      "url": "https://raw.githubusercontent.com/BlueSkyDefender/AstrayFX/master/Shaders/Overwatch.fxh"
    },
    {
      "path": "Shaders/RadiantGI.fx",
      "url": "https://raw.githubusercontent.com/BlueSkyDefender/AstrayFX/master/Shaders/RadiantGI.fx"
    },
    {
      "path": "Shaders/Smart_Sharp.fx",
      "url": "https://raw.githubusercontent.com/BlueSkyDefender/AstrayFX/master/Shaders/Smart_Sharp.fx"
    },
    {
      "path": "Shaders/Temporal_AA.fx",
      "url": "https://raw.githubusercontent.com/BlueSkyDefender/AstrayFX/master/Shaders/Temporal_AA.fx"
    },
    {
      "path": "Shaders/TobiiEye_FreePie_AstrayFX.py",
      "url": "https://raw.githubusercontent.com/BlueSkyDefender/AstrayFX/master/Shaders/TobiiEye_FreePie_AstrayFX.py"
    },
    {
      "path": "Shaders/Trails.fx",
      "url": "https://raw.githubusercontent.com/BlueSkyDefender/AstrayFX/master/Shaders/Trails.fx"
    }
  ],
  "textures": [
    {
      "path": "Textures/dummy",
      "url": "https://raw.githubusercontent.com/BlueSkyDefender/AstrayFX/master/Textures/dummy"
    }
  ]
}