{
  "owner": "Fubaxiusz",
  "name": "fubax-shaders",
  "branch": "master",
  "always_install": false,
  "reset": 1691873060,
  "shaders": [
    {
      "path": "Shaders/AspectRatio.fx",
      "url": "https://raw.githubusercontent.com/Fubaxiusz/fubax-shaders/master/Shaders/AspectRatio.fx"
    },
    {
      "path": "Shaders/BeforeAfter.fx",
      "url": "https://raw.githubusercontent.com/Fubaxiusz/fubax-shaders/master/Shaders/BeforeAfter.fx"
    },
    {
      "path": "Shaders/BlueNoiseDither.fxh",
      "url": "https://raw.githubusercontent.com/Fubaxiusz/fubax-shaders/master/Shaders/BlueNoiseDither.fxh"
    },
    {
      "path": "Shaders/Chromakey.fx",
      "url": "https://raw.githubusercontent.com/Fubaxiusz/fubax-shaders/master/Shaders/Chromakey.fx"
    },
    {
      "path": "Shaders/ColorConversion.fxh",
      "url": "https://raw.githubusercontent.com/Fubaxiusz/fubax-shaders/master/Shaders/ColorConversion.fxh"
    },
    {
      "path": "Shaders/ContrastSharpening.fx",
      "url": "https://raw.githubusercontent.com/Fubaxiusz/fubax-shaders/master/Shaders/ContrastSharpening.fx"
    },
    {
      "path": "Shaders/FilmicAnamorphSharpen.fx",
      "url": "https://raw.githubusercontent.com/Fubaxiusz/fubax-shaders/master/Shaders/FilmicAnamorphSharpen.fx"
    },
    {
      "path": "Shaders/FilmicSharpen.fx",
      "url": "https://raw.githubusercontent.com/Fubaxiusz/fubax-shaders/master/Shaders/FilmicSharpen.fx"
    },
    {
      "path": "Shaders/Flipbook.fx",
      "url": "https://raw.githubusercontent.com/Fubaxiusz/fubax-shaders/master/Shaders/Flipbook.fx"
    },
    {
      "path": "Shaders/Image.fx",
      "url": "https://raw.githubusercontent.com/Fubaxiusz/fubax-shaders/master/Shaders/Image.fx"
    },
    {
      "path": "Shaders/Interlaced.fx",
      "url": "https://raw.githubusercontent.com/Fubaxiusz/fubax-shaders/master/Shaders/Interlaced.fx"
    },
    {
      "path": "Shaders/LUTTools.fx",
      "url": "https://raw.githubusercontent.com/Fubaxiusz/fubax-shaders/master/Shaders/LUTTools.fx"
    },
    {
      "path": "Shaders/LensDistort.fx",
      "url": "https://raw.githubusercontent.com/Fubaxiusz/fubax-shaders/master/Shaders/LensDistort.fx"
    },
    {
      "path": "Shaders/Letterbox.fx",
      "url": "https://raw.githubusercontent.com/Fubaxiusz/fubax-shaders/master/Shaders/Letterbox.fx"
    },
    {
      "path": "Shaders/LinearGammaWorkflow.fxh",
      "url": "https://raw.githubusercontent.com/Fubaxiusz/fubax-shaders/master/Shaders/LinearGammaWorkflow.fxh"
    },
    {
      "path": "Shaders/MonitorGamma.fx",
      "url": "https://raw.githubusercontent.com/Fubaxiusz/fubax-shaders/master/Shaders/MonitorGamma.fx"
    },
    {
      "path": "Shaders/PerfectPerspective.fx",
      "url": "https://raw.githubusercontent.com/Fubaxiusz/fubax-shaders/master/Shaders/PerfectPerspective.fx"
    },
    {
      "path": "Shaders/Prism.fx",
      "url": "https://raw.githubusercontent.com/Fubaxiusz/fubax-shaders/master/Shaders/Prism.fx"
    },
    {
      "path": "Shaders/SimpleGrain.fx",
      "url": "https://raw.githubusercontent.com/Fubaxiusz/fubax-shaders/master/Shaders/SimpleGrain.fx"
    },
    {
      "path": "Shaders/SunsetFilter.fx",
      "url": "https://raw.githubusercontent.com/Fubaxiusz/fubax-shaders/master/Shaders/SunsetFilter.fx"
    },
    {
      "path": "Shaders/TiltShift.fx",
      "url": "https://raw.githubusercontent.com/Fubaxiusz/fubax-shaders/master/Shaders/TiltShift.fx"
    },
    {
      "path": "Shaders/Vectorscope.fx",
      "url": "https://raw.githubusercontent.com/Fubaxiusz/fubax-shaders/master/Shaders/Vectorscope.fx"
    },
    {
      "path": "Shaders/Waveform.fx",
      "url": "https://raw.githubusercontent.com/Fubaxiusz/fubax-shaders/master/Shaders/Waveform.fx"
    },
    {
      "path": "Shaders/ZebraLines.fx",
      "url": "https://raw.githubusercontent.com/Fubaxiusz/fubax-shaders/master/Shaders/ZebraLines.fx"
    }
  ],
  "textures": [
    {
      "path": "Textures/GammaTex.png",
      "url": "https://raw.githubusercontent.com/Fubaxiusz/fubax-shaders/master/Textures/GammaTex.png"
    },
    {
      "path": "Textures/TestPattern.png",
      "url": "https://raw.githubusercontent.com/Fubaxiusz/fubax-shaders/master/Textures/TestPattern.png"
    },
    {
      "path": "Textures/bluenoise.png",
      "url": "https://raw.githubusercontent.com/Fubaxiusz/fubax-shaders/master/Textures/bluenoise.png"
    },
    {
      "path": "Textures/waow.png",
      "url": "https://raw.githubusercontent.com/Fubaxiusz/fubax-shaders/master/Textures/waow.png"
    }
  ]
}