{
  "owner": "prod80",
  "name": "prod80-ReShade-Repository",
  "branch": "master",
  "always_install": false,
  "reset": 1691873060,
  "shaders": [
    {
      "path": "Shaders/PD80_00_Base_Effects.fxh",
      "url": "https://raw.githubusercontent.com/prod80/prod80-ReShade-Repository/master/Shaders/PD80_00_Base_Effects.fxh"
    },
    {
      "path": "Shaders/PD80_00_Blend_Modes.fxh",
      "url": "https://raw.githubusercontent.com/prod80/prod80-ReShade-Repository/master/Shaders/PD80_00_Blend_Modes.fxh"
    },
    {
      "path": "Shaders/PD80_00_Color_Spaces.fxh",
      "url": "https://raw.githubusercontent.com/prod80/prod80-ReShade-Repository/master/Shaders/PD80_00_Color_Spaces.fxh"
    },
    {
      "path": "Shaders/PD80_00_Noise_Samplers.fxh",
      "url": "https://raw.githubusercontent.com/prod80/prod80-ReShade-Repository/master/Shaders/PD80_00_Noise_Samplers.fxh"
    },
    {
      "path": "Shaders/PD80_01A_RT_Correct_Contrast.fx",
      "url": "https://raw.githubusercontent.com/prod80/prod80-ReShade-Repository/master/Shaders/PD80_01A_RT_Correct_Contrast.fx"
    },
    {
      "path": "Shaders/PD80_01B_RT_Correct_Color.fx",
      "url": "https://raw.githubusercontent.com/prod80/prod80-ReShade-Repository/master/Shaders/PD80_01B_RT_Correct_Color.fx"
    },
    {
      "path": "Shaders/PD80_01_Color_Gamut.fx",
      "url": "https://raw.githubusercontent.com/prod80/prod80-ReShade-Repository/master/Shaders/PD80_01_Color_Gamut.fx"
    },
    {
      "path": "Shaders/PD80_02_Bloom.fx",
      "url": "https://raw.githubusercontent.com/prod80/prod80-ReShade-Repository/master/Shaders/PD80_02_Bloom.fx"
    },
    {
      "path": "Shaders/PD80_02_Bonus_LUT_pack.fx",
      "url": "https://raw.githubusercontent.com/prod80/prod80-ReShade-Repository/master/Shaders/PD80_02_Bonus_LUT_pack.fx"
    },
    {
      "path": "Shaders/PD80_02_Cinetools_LUT.fx",
      "url": "https://raw.githubusercontent.com/prod80/prod80-ReShade-Repository/master/Shaders/PD80_02_Cinetools_LUT.fx"
    },
    {
      "path": "Shaders/PD80_02_LUT_Creator.fx",
      "url": "https://raw.githubusercontent.com/prod80/prod80-ReShade-Repository/master/Shaders/PD80_02_LUT_Creator.fx"
    },
    {
      "path": "Shaders/PD80_03_Color_Space_Curves.fx",
      "url": "https://raw.githubusercontent.com/prod80/prod80-ReShade-Repository/master/Shaders/PD80_03_Color_Space_Curves.fx"
    },
    {
      "path": "Shaders/PD80_03_Curved_Levels.fx",
      "url": "https://raw.githubusercontent.com/prod80/prod80-ReShade-Repository/master/Shaders/PD80_03_Curved_Levels.fx"
    },
    {
      "path": "Shaders/PD80_03_Filmic_Adaptation.fx",
      "url": "https://raw.githubusercontent.com/prod80/prod80-ReShade-Repository/master/Shaders/PD80_03_Filmic_Adaptation.fx"
    },
    {
      "path": "Shaders/PD80_03_Levels.fx",
      "url": "https://raw.githubusercontent.com/prod80/prod80-ReShade-Repository/master/Shaders/PD80_03_Levels.fx"
    },
    {
      "path": "Shaders/PD80_03_Shadows_Midtones_Highlights.fx",
      "url": "https://raw.githubusercontent.com/prod80/prod80-ReShade-Repository/master/Shaders/PD80_03_Shadows_Midtones_Highlights.fx"
    },
    {
      "path": "Shaders/PD80_04_BlacknWhite.fx",
      "url": "https://raw.githubusercontent.com/prod80/prod80-ReShade-Repository/master/Shaders/PD80_04_BlacknWhite.fx"
    },
    {
      "path": "Shaders/PD80_04_Color_Balance.fx",
      "url": "https://raw.githubusercontent.com/prod80/prod80-ReShade-Repository/master/Shaders/PD80_04_Color_Balance.fx"
    },
    {
      "path": "Shaders/PD80_04_Color_Gradients.fx",
      "url": "https://raw.githubusercontent.com/prod80/prod80-ReShade-Repository/master/Shaders/PD80_04_Color_Gradients.fx"
    },
    {
      "path": "Shaders/PD80_04_Color_Isolation.fx",
      "url": "https://raw.githubusercontent.com/prod80/prod80-ReShade-Repository/master/Shaders/PD80_04_Color_Isolation.fx"
    },
    {
      "path": "Shaders/PD80_04_Color_Temperature.fx",
      "url": "https://raw.githubusercontent.com/prod80/prod80-ReShade-Repository/master/Shaders/PD80_04_Color_Temperature.fx"
    },
    {
      "path": "Shaders/PD80_04_Contrast_Brightness_Saturation.fx",
      "url": "https://raw.githubusercontent.com/prod80/prod80-ReShade-Repository/master/Shaders/PD80_04_Contrast_Brightness_Saturation.fx"
    },
    {
      "path": "Shaders/PD80_04_Magical_Rectangle.fx",
      "url": "https://raw.githubusercontent.com/prod80/prod80-ReShade-Repository/master/Shaders/PD80_04_Magical_Rectangle.fx"
    },
    {
      "path": "Shaders/PD80_04_Saturation_Limit.fx",
      "url": "https://raw.githubusercontent.com/prod80/prod80-ReShade-Repository/master/Shaders/PD80_04_Saturation_Limit.fx"
    },
    {
      "path": "Shaders/PD80_04_Selective_Color.fx",
      "url": "https://raw.githubusercontent.com/prod80/prod80-ReShade-Repository/master/Shaders/PD80_04_Selective_Color.fx"
    },
    {
      "path": "Shaders/PD80_04_Selective_Color_v2.fx",
      "url": "https://raw.githubusercontent.com/prod80/prod80-ReShade-Repository/master/Shaders/PD80_04_Selective_Color_v2.fx"
    },
    {
      "path": "Shaders/PD80_04_Technicolor.fx",
      "url": "https://raw.githubusercontent.com/prod80/prod80-ReShade-Repository/master/Shaders/PD80_04_Technicolor.fx"
    },
    {
      "path": "Shaders/PD80_05_Sharpening.fx",
      "url": "https://raw.githubusercontent.com/prod80/prod80-ReShade-Repository/master/Shaders/PD80_05_Sharpening.fx"
    },
    {
      "path": "Shaders/PD80_06_Chromatic_Aberration.fx",
      "url": "https://raw.githubusercontent.com/prod80/prod80-ReShade-Repository/master/Shaders/PD80_06_Chromatic_Aberration.fx"
    },
    {
      "path": "Shaders/PD80_06_Depth_Slicer.fx",
      "url": "https://raw.githubusercontent.com/prod80/prod80-ReShade-Repository/master/Shaders/PD80_06_Depth_Slicer.fx"
    },
    {
      "path": "Shaders/PD80_06_Film_Grain.fx",
      "url": "https://raw.githubusercontent.com/prod80/prod80-ReShade-Repository/master/Shaders/PD80_06_Film_Grain.fx"
    },
    {
      "path": "Shaders/PD80_06_Luma_Fade.fx",
      "url": "https://raw.githubusercontent.com/prod80/prod80-ReShade-Repository/master/Shaders/PD80_06_Luma_Fade.fx"
    },
    {
      "path": "Shaders/PD80_06_Posterize_Pixelate.fx",
      "url": "https://raw.githubusercontent.com/prod80/prod80-ReShade-Repository/master/Shaders/PD80_06_Posterize_Pixelate.fx"
    },
    {
      "path": "Shaders/PD80_LUT_v2.fxh",
      "url": "https://raw.githubusercontent.com/prod80/prod80-ReShade-Repository/master/Shaders/PD80_LUT_v2.fxh"
    }
  ],
  "textures": [
    {
      "path": "Textures/pd80_bluenoise.png",
      "url": "https://raw.githubusercontent.com/prod80/prod80-ReShade-Repository/master/Textures/pd80_bluenoise.png"
    },
    {
      "path": "Textures/pd80_bluenoise_rgba.png",
      "url": "https://raw.githubusercontent.com/prod80/prod80-ReShade-Repository/master/Textures/pd80_bluenoise_rgba.png"
    },
    {
      "path": "Textures/pd80_cinelut.png",
      "url": "https://raw.githubusercontent.com/prod80/prod80-ReShade-Repository/master/Textures/pd80_cinelut.png"
    },
    {
      "path": "Textures/pd80_clean_lut.png",
      "url": "https://raw.githubusercontent.com/prod80/prod80-ReShade-Repository/master/Textures/pd80_clean_lut.png"
    },
    {
      "path": "Textures/pd80_example-lut.png",
      "url": "https://raw.githubusercontent.com/prod80/prod80-ReShade-Repository/master/Textures/pd80_example-lut.png"
    },
    {
      "path": "Textures/pd80_gaussnoise.png",
      "url": "https://raw.githubusercontent.com/prod80/prod80-ReShade-Repository/master/Textures/pd80_gaussnoise.png"
    },
    {
      "path": "Textures/pd80_neutral-lut.png",
      "url": "https://raw.githubusercontent.com/prod80/prod80-ReShade-Repository/master/Textures/pd80_neutral-lut.png"
    },
    {
      "path": "Textures/pd80_permtexture.png",
      "url": "https://raw.githubusercontent.com/prod80/prod80-ReShade-Repository/master/Textures/pd80_permtexture.png"
    }
  ]
}