{
  "owner": "martymcmodding",
  "name": "qUINT",
  "branch": "master",
  "always_install": false,
  "reset": 1691873060,
  "shaders": [
    {
      "path": "Shaders/qUINT_bloom.fx",
      "url": "https://raw.githubusercontent.com/martymcmodding/qUINT/master/Shaders/qUINT_bloom.fx"
    },
    {
      "path": "Shaders/qUINT_common.fxh",
      "url": "https://raw.githubusercontent.com/martymcmodding/qUINT/master/Shaders/qUINT_common.fxh"
    },
    {
      "path": "Shaders/qUINT_deband.fx",
      "url": "https://raw.githubusercontent.com/martymcmodding/qUINT/master/Shaders/qUINT_deband.fx"
    },
    {
      "path": "Shaders/qUINT_dof.fx",
      "url": "https://raw.githubusercontent.com/martymcmodding/qUINT/master/Shaders/qUINT_dof.fx"
    },
    {
      "path": "Shaders/qUINT_lightroom.fx",
      "url": "https://raw.githubusercontent.com/martymcmodding/qUINT/master/Shaders/qUINT_lightroom.fx"
    },
    {
      "path": "Shaders/qUINT_mxao.fx",
      "url": "https://raw.githubusercontent.com/martymcmodding/qUINT/master/Shaders/qUINT_mxao.fx"
    },
    {
      "path": "Shaders/qUINT_sharp.fx",
      "url": "https://raw.githubusercontent.com/martymcmodding/qUINT/master/Shaders/qUINT_sharp.fx"
    },
    {
      "path": "Shaders/qUINT_ssr.fx",
      "url": "https://raw.githubusercontent.com/martymcmodding/qUINT/master/Shaders/qUINT_ssr.fx"
    }
  ],
  "textures": []
}