{
  "owner": "crosire",
  "name": "reshade-shaders",
  "branch": "slim",
  "always_install": false,
  "reset": 1691873060,
  "shaders": [
    {
      "path": "Shaders/Blending.fxh",
      "url": "https://raw.githubusercontent.com/crosire/reshade-shaders/slim/Shaders/Blending.fxh"
    },
    {
      "path": "Shaders/Daltonize.fx",
      "url": "https://raw.githubusercontent.com/crosire/reshade-shaders/slim/Shaders/Daltonize.fx"
    },
    {
      "path": "Shaders/Deband.fx",
      "url": "https://raw.githubusercontent.com/crosire/reshade-shaders/slim/Shaders/Deband.fx"
    },
    {
      "path": "Shaders/DisplayDepth.fx",
      "url": "https://raw.githubusercontent.com/crosire/reshade-shaders/slim/Shaders/DisplayDepth.fx"
    },
    {
      "path": "Shaders/DrawText.fxh",
      "url": "https://raw.githubusercontent.com/crosire/reshade-shaders/slim/Shaders/DrawText.fxh"
    },
    {
      "path": "Shaders/LUT.fx",
      "url": "https://raw.githubusercontent.com/crosire/reshade-shaders/slim/Shaders/LUT.fx"
    },
    {
      "path": "Shaders/Macros.fxh",
      "url": "https://raw.githubusercontent.com/crosire/reshade-shaders/slim/Shaders/Macros.fxh"
    },
    {
      "path": "Shaders/ReShade.fxh",
      "url": "https://raw.githubusercontent.com/crosire/reshade-shaders/slim/Shaders/ReShade.fxh"
    },
    {
      "path": "Shaders/ReShadeUI.fxh",
      "url": "https://raw.githubusercontent.com/crosire/reshade-shaders/slim/Shaders/ReShadeUI.fxh"
    },
    {
      "path": "Shaders/TriDither.fxh",
      "url": "https://raw.githubusercontent.com/crosire/reshade-shaders/slim/Shaders/TriDither.fxh"
    },
    {
      "path": "Shaders/UIMask.fx",
      "url": "https://raw.githubusercontent.com/crosire/reshade-shaders/slim/Shaders/UIMask.fx"
    }
  ],
  "textures": [
    {
      "path": "Textures/FontAtlas.png",
      "url": "https://raw.githubusercontent.com/crosire/reshade-shaders/slim/Textures/FontAtlas.png"
    },
    {
      "path": "Textures/lut.png",
      "url": "https://raw.githubusercontent.com/crosire/reshade-shaders/slim/Textures/lut.png"
    }
  ]
}