{
  "owner": "Radegast-FFXIV",
  "name": "Warp-Fx",
  "branch": "master",
  "always_install": false,
  "reset": 1691873060,
  "shaders": [
    {
      "path": "Shaders/BulgePinch.fx",
      "url": "https://raw.githubusercontent.com/Radegast-FFXIV/Warp-Fx/master/Shaders/BulgePinch.fx"
    },
    {
      "path": "Shaders/Drunk.fx",
      "url": "https://raw.githubusercontent.com/Radegast-FFXIV/Warp-Fx/master/Shaders/Drunk.fx"
    },
    {
      "path": "Shaders/Include/BulgePinch.fxh",
      "url": "https://raw.githubusercontent.com/Radegast-FFXIV/Warp-Fx/master/Shaders/Include/BulgePinch.fxh"
    },
    {
      "path": "Shaders/Include/Drunk.fxh",
      "url": "https://raw.githubusercontent.com/Radegast-FFXIV/Warp-Fx/master/Shaders/Include/Drunk.fxh"
    },
    {
      "path": "Shaders/Include/RadegastShaders.BlendingModes.fxh",
      "url": "https://raw.githubusercontent.com/Radegast-FFXIV/Warp-Fx/master/Shaders/Include/RadegastShaders.BlendingModes.fxh"
    },
    {
      "path": "Shaders/Include/RadegastShaders.CommonPositional.fxh",
      "url": "https://raw.githubusercontent.com/Radegast-FFXIV/Warp-Fx/master/Shaders/Include/RadegastShaders.CommonPositional.fxh"
    },
    {
      "path": "Shaders/Include/RadegastShaders.Depth.fxh",
      "url": "https://raw.githubusercontent.com/Radegast-FFXIV/Warp-Fx/master/Shaders/Include/RadegastShaders.Depth.fxh"
    },
    {
      "path": "Shaders/Include/RadegastShaders.Transforms.fxh",
      "url": "https://raw.githubusercontent.com/Radegast-FFXIV/Warp-Fx/master/Shaders/Include/RadegastShaders.Transforms.fxh"
    },
    {
      "path": "Shaders/Include/RadialSlitScan.fxh",
      "url": "https://raw.githubusercontent.com/Radegast-FFXIV/Warp-Fx/master/Shaders/Include/RadialSlitScan.fxh"
    },
    {
      "path": "Shaders/Include/SlitScan.fxh",
      "url": "https://raw.githubusercontent.com/Radegast-FFXIV/Warp-Fx/master/Shaders/Include/SlitScan.fxh"
    },
    {
      "path": "Shaders/Include/SplicedRadials.fxh",
      "url": "https://raw.githubusercontent.com/Radegast-FFXIV/Warp-Fx/master/Shaders/Include/SplicedRadials.fxh"
    },
    {
      "path": "Shaders/Include/Swirl.fxh",
      "url": "https://raw.githubusercontent.com/Radegast-FFXIV/Warp-Fx/master/Shaders/Include/Swirl.fxh"
    },
    {
      "path": "Shaders/Include/TinyPlanet.fxh",
      "url": "https://raw.githubusercontent.com/Radegast-FFXIV/Warp-Fx/master/Shaders/Include/TinyPlanet.fxh"
    },
    {
      "path": "Shaders/Include/Wave.fxh",
      "url": "https://raw.githubusercontent.com/Radegast-FFXIV/Warp-Fx/master/Shaders/Include/Wave.fxh"
    },
    {
      "path": "Shaders/Include/ZigZag.fxh",
      "url": "https://raw.githubusercontent.com/Radegast-FFXIV/Warp-Fx/master/Shaders/Include/ZigZag.fxh"
    },
    {
      "path": "Shaders/RadialSlitScan.fx",
      "url": "https://raw.githubusercontent.com/Radegast-FFXIV/Warp-Fx/master/Shaders/RadialSlitScan.fx"
    },
    {
      "path": "Shaders/SlitScan.fx",
      "url": "https://raw.githubusercontent.com/Radegast-FFXIV/Warp-Fx/master/Shaders/SlitScan.fx"
    },
    {
      "path": "Shaders/SplicedRadials.fx",
      "url": "https://raw.githubusercontent.com/Radegast-FFXIV/Warp-Fx/master/Shaders/SplicedRadials.fx"
    },
    {
      "path": "Shaders/Swirl.fx",
      "url": "https://raw.githubusercontent.com/Radegast-FFXIV/Warp-Fx/master/Shaders/Swirl.fx"
    },
    {
      "path": "Shaders/TinyPlanet.fx",
      "url": "https://raw.githubusercontent.com/Radegast-FFXIV/Warp-Fx/master/Shaders/TinyPlanet.fx"
    },
    {
      "path": "Shaders/Wave.fx",
      "url": "https://raw.githubusercontent.com/Radegast-FFXIV/Warp-Fx/master/Shaders/Wave.fx"
    },
    {
      "path": "Shaders/ZigZag.fx",
      "url": "https://raw.githubusercontent.com/Radegast-FFXIV/Warp-Fx/master/Shaders/ZigZag.fx"
    }
  ],
  "textures": []
}